{"models": {"8.0": {"coef": 741.9999999999984, "intercept": -5945.399999999986}, "9.0": {"coef": 608.9999999999998, "intercept": -5132.099999999997}, "10.0": {"coef": 633.9999999999998, "intercept": -5626.599999999998}, "11.0": {"coef": 655.9999999999991, "intercept": -6134.599999999989}, "12.0": {"coef": 810.9999999999983, "intercept": -8276.599999999979}, "13.0": {"coef": 551.3095238095239, "intercept": -5380.357142857144}, "14.0": {"coef": 466.1666666666666, "intercept": -4360.244444444443}, "15.0": {"coef": 517.3809523809523, "intercept": -5215.547619047617}, "16.0": {"coef": 540.2310924369752, "intercept": -5737.5651260504255}, "17.0": {"coef": 509.920634920635, "intercept": -5394.500000000002}, "18.0": {"coef": 442.99999999999994, "intercept": -4322.199999999998}}, "min_date": "2014-09-17"}