{"models": {"8.0": {"coef": 741.9999999999984, "intercept": -5945.399999999986}, "9.0": {"coef": 608.9999999999997, "intercept": -5132.099999999997}, "10.0": {"coef": 633.9999999999995, "intercept": -5626.599999999996}, "11.0": {"coef": 655.9999999999992, "intercept": -6134.599999999991}, "12.0": {"coef": 810.9999999999983, "intercept": -8276.599999999979}, "13.0": {"coef": 551.3095238095239, "intercept": -5380.357142857144}, "14.0": {"coef": 466.16666666666646, "intercept": -4360.244444444441}, "15.0": {"coef": 517.3809523809524, "intercept": -5215.54761904762}, "16.0": {"coef": 540.2310924369752, "intercept": -5737.5651260504255}, "17.0": {"coef": 528.3623693379787, "intercept": -5710.982578397206}, "18.0": {"coef": 430.0000000000015, "intercept": -4087.333333333359}}, "min_date": "2014-09-17"}